CommentNo,Comment,Category
1,"Need assistance assembling a complete furniture set, including tables, chairs, and cabinets.",Furniture Assembly
2,"Encountering difficulties in assembling a bed frame, seeking help for proper construction.",Furniture Assembly
3,"Require help in assembling a wardrobe, struggling with the assembly process.",Furniture Assembly
4,"Facing challenges while assembling a bookshelf, need expert assistance.",Furniture Assembly
5,"In need of help to assemble a dresser, having trouble with the assembly instructions.",Furniture Assembly
6,"Looking for assistance with desk assembly, finding it difficult to put together.",Furniture Assembly
7,"Experiencing issues assembling a dining table and chair set, seeking expert help.",Furniture Assembly
8,"Require support for cabinet assembly and installation, encountering difficulties.",Furniture Assembly
9,"Facing challenges in assembling a shoe rack, seeking professional assistance.",Furniture Assembly
10,"Need help assembling home office furniture, including desks, chairs, and shelving units.",Furniture Assembly
11,"Encountering problems assembling an outdoor furniture set, need assistance.",Furniture Assembly
12,"Received furniture with mismatched parts, need guidance on correct assembly.",Furniture Assembly
13,"Struggling to assemble drawers, seeking help for proper construction.",Furniture Assembly
14,"Require assistance with the installation of a closet organizer, facing challenges.",Furniture Assembly
15,"In need of support to assemble a TV stand, finding it challenging.",Furniture Assembly
16,"Facing difficulties in setting up children's furniture, seeking expert assistance.",Furniture Assembly
17,"Encountering challenges in assembling a lounge chair, need professional help.",Furniture Assembly
18,Require help in disassembling and reassembling furniture for relocation.,Furniture Assembly
19,"Having trouble assembling bar stools, looking for assistance with the process.",Furniture Assembly
20,"Experiencing challenges in assembling modular furniture, need expert guidance.",Furniture Assembly
21,"Need assistance in assembling an office chair, facing difficulties with the instructions.",Furniture Assembly
22,"Assembled furniture seems unstable, seeking help to ensure proper stability.",Furniture Assembly
23,"Struggling with the assembly of flat-pack furniture, need expert assistance.",Furniture Assembly
24,"Encountering issues while setting up a vanity table, seeking professional help.",Furniture Assembly
25,Require assistance in repairing and assembling damaged furniture pieces.,Furniture Assembly
26,Need professional assistance with the installation of a new air conditioning unit.,Air Conditioner Installation and Maintenance
27,"Experiencing inadequate cooling from the AC, seeking help to diagnose and fix the problem.",Air Conditioner Installation and Maintenance
28,"AC not turning on, need urgent assistance in diagnosing and repairing the issue.",Air Conditioner Installation and Maintenance
29,"Hearing unusual noises from the air conditioner, need help in diagnosing and fixing the problem.",Air Conditioner Installation and Maintenance
30,"Air conditioner unit leaking water, require assistance in identifying and fixing the leak.",Air Conditioner Installation and Maintenance
31,"Facing issues with inconsistent cooling, seeking professional help for diagnosis and repair.",Air Conditioner Installation and Maintenance
32,"Need assistance in replacing the air conditioner filter, facing challenges with the replacement process.",Air Conditioner Installation and Maintenance
33,"Identified a refrigerant leak in the AC unit, require professional help for repair and recharging.",Air Conditioner Installation and Maintenance
34,"Experiencing ventilation problems with the air conditioner, need assistance for proper airflow.",Air Conditioner Installation and Maintenance
35,"Thermostat not calibrating properly, seeking assistance in recalibrating for accurate temperature control.",Air Conditioner Installation and Maintenance
36,"Require help in cleaning AC ducts, facing challenges with duct maintenance.",Air Conditioner Installation and Maintenance
37,"AC coil freezing up, need assistance in diagnosing and fixing the issue.",Air Conditioner Installation and Maintenance
38,"Unable to control AC unit with the remote, need assistance in fixing the communication issue.",Air Conditioner Installation and Maintenance
39,"Experiencing unpleasant odors from the AC unit, seeking help in identifying and eliminating the source.",Air Conditioner Installation and Maintenance
40,"Condensate drain in the AC unit is blocked, require assistance in clearing the blockage.",Air Conditioner Installation and Maintenance
41,"AC fan not functioning properly, need urgent assistance in diagnosing and repairing the issue.",Air Conditioner Installation and Maintenance
42,"Concerned about the electrical wiring in the AC unit, seeking assistance for a thorough check.",Air Conditioner Installation and Maintenance
43,Need help in configuring and setting up a smart AC system for remote control.,Air Conditioner Installation and Maintenance
44,"Experiencing vibrations from the AC unit, need assistance in identifying and fixing the problem.",Air Conditioner Installation and Maintenance
45,"AC compressor making unusual noises, require assistance in diagnosing and fixing the issue.",Air Conditioner Installation and Maintenance
46,"Remote sensor calibration issues with the AC, need assistance in recalibrating for accurate control.",Air Conditioner Installation and Maintenance
47,"Concerned about the energy efficiency of the AC unit, seeking assistance for an efficiency check.",Air Conditioner Installation and Maintenance
48,"AC unit consistently tripping the circuit breaker, need assistance in identifying and fixing the problem.",Air Conditioner Installation and Maintenance
49,Need assistance in adjusting the airflow direction of the AC unit for optimal cooling.,Air Conditioner Installation and Maintenance
50,Looking for professional assistance in conducting annual maintenance for the AC unit.,Air Conditioner Installation and Maintenance
51,Need professional assistance with painting the interior walls of my home.,Painting and Poilishing
52,"Encountering issues with paint color mismatch, need help in finding the right shade.",Painting and Poilishing
53,"Facing challenges in painting the exterior walls, seeking expert assistance.",Painting and Poilishing
54,"Painted walls have streaks and drips, need assistance in fixing and achieving a smooth finish.",Painting and Poilishing
55,"Require help in polishing wooden furniture, facing challenges with the polishing process.",Painting and Poilishing
56,"Encountering problems with painting trims and baseboards, seeking expert assistance.",Painting and Poilishing
57,"Need assistance in painting the ceiling, finding it challenging to reach and cover properly.",Painting and Poilishing
58,"Facing difficulties in staining exterior wood, need expert guidance for a uniform finish.",Painting and Poilishing
59,"Identified cracks in the wall, need assistance in repairing and painting for a seamless look.",Painting and Poilishing
60,"Exterior paint has faded, require assistance in restoring and repainting.",Painting and Poilishing
61,"Antique furniture needs polishing, seeking professional assistance for careful restoration.",Painting and Poilishing
62,"Encountering issues while painting an accent wall, need guidance for a perfect finish.",Painting and Poilishing
63,"Require help in refinishing kitchen cabinets, facing challenges in the refinishing process.",Painting and Poilishing
64,"Deck needs staining and sealing, seeking assistance for proper protection and aesthetics.",Painting and Poilishing
65,"Need help in removing old wallpaper, facing challenges with the removal process.",Painting and Poilishing
66,"Marble countertops need polishing, seeking assistance for a shiny and smooth finish.",Painting and Poilishing
67,"Facing problems with painting exterior metal surfaces, need expert assistance for durability.",Painting and Poilishing
68,"Garage door paint has faded, require assistance in repainting for a refreshed look.",Painting and Poilishing
69,"Wooden floors need refinishing, seeking professional assistance for a polished appearance.",Painting and Poilishing
70,"Encountering challenges in painting textured walls, need expert guidance for even coverage.",Painting and Poilishing
71,"Brass fixtures need polishing, require assistance in restoring their shine.",Painting and Poilishing
72,"Need help in varnishing furniture, facing challenges with the varnishing process.",Painting and Poilishing
73,"Facing issues with painting exterior brick, need expert assistance for a lasting finish.",Painting and Poilishing
74,"Furniture needs touch-up and polishing, seeking professional assistance for restoration.",Painting and Poilishing
75,"Encountering challenges in painting accent trim and molding, need expert assistance.",Painting and Poilishing
76,"Experiencing a leaky faucet, need assistance in fixing the constant dripping.",Plumbing Help
77,"Clogged drain causing issues, seeking help for proper unclogging.",Plumbing Help
78,"Burst pipe emergency, urgently need assistance to repair and prevent further damage.",Plumbing Help
79,"Toilet not flushing properly, require help in diagnosing and fixing the flushing mechanism.",Plumbing Help
80,"Water heater malfunction, need assistance in diagnosing and repairing the issue.",Plumbing Help
81,"Low water pressure in faucets, seeking help to identify and fix the pressure problem.",Plumbing Help
82,"Running toilet, need assistance in fixing the continuous flushing issue.",Plumbing Help
83,"Leaking or running garbage disposal, require help in diagnosing and repairing the problem.",Plumbing Help
84,"Sewage backup issue, urgently need assistance in resolving and preventing future incidents.",Plumbing Help
85,"Faucet or showerhead leakage, need assistance in fixing the leaks for proper functioning.",Plumbing Help
86,"Frozen pipes causing water blockage, seeking assistance to thaw and prevent further issues.",Plumbing Help
87,"Faulty water softener system, require help in diagnosing and repairing the water softener.",Plumbing Help
88,"Gas water heater pilot light issues, need assistance in relighting and ensuring proper function.",Plumbing Help
89,"Strange noises from pipes, seeking help to identify and fix the source of the noises.",Plumbing Help
90,"Water temperature inconsistency in showers, need assistance to fix and regulate the temperature.",Plumbing Help
91,"Dishwasher drainage problems, require help in diagnosing and fixing the drainage issue.",Plumbing Help
92,"Sump pump failure, urgently need assistance to prevent flooding and water damage.",Plumbing Help
93,"Faucet or pipe corrosion, seeking help in replacing and preventing further corrosion.",Plumbing Help
94,"Toilet tank not filling properly, need assistance in fixing the tank filling mechanism.",Plumbing Help
95,"Sewer line blockage, require professional help in clearing and preventing future blockages.",Plumbing Help
96,"Water hammer issues, seeking assistance to eliminate the noise and prevent damage.",Plumbing Help
97,"Faulty water pressure regulator, need help in diagnosing and replacing the regulator.",Plumbing Help
98,"Septic tank backup problems, urgently need assistance in resolving and preventing issues.",Plumbing Help
99,"Leaking washing machine hose, require help in fixing or replacing the hose for proper function.",Plumbing Help
100,"Malfunctioning water filter system, need assistance in diagnosing and repairing the filtration system.",Plumbing Help
101,"Power outage in specific areas of the house, seeking assistance to identify and fix the issue.",Electrical Help
102,"Circuit breaker constantly tripping, need help in diagnosing and resolving the problem.",Electrical Help
103,"Faulty electrical outlet, require assistance in repairing or replacing the outlet.",Electrical Help
104,"Flickering lights in various rooms, seeking help to identify and fix the flickering issue.",Electrical Help
105,"Overloaded circuit issues, need assistance in redistributing the load for safety.",Electrical Help
106,"Non-functional light switch, require help in diagnosing and fixing the switch.",Electrical Help
107,"Electrical wiring concerns, seeking assistance for a thorough inspection and potential repairs.",Electrical Help
108,"Ceiling fan not working properly, need help in diagnosing and fixing the fan.",Electrical Help
109,"Malfunctioning doorbell, require assistance in repairing or replacing the doorbell system.",Electrical Help
110,"Outdated or unsafe electrical panel, seeking professional help for an upgrade.",Electrical Help
111,"Dimming lights without apparent cause, need assistance to identify and fix the issue.",Electrical Help
112,"Non-responsive electrical appliances, require help in diagnosing and repairing the appliances.",Electrical Help
113,"GFCI outlet issues, seeking assistance in fixing or replacing the GFCI outlets.",Electrical Help
114,"Electrical shock from switches or outlets, need urgent help to ensure safety.",Electrical Help
115,"Inconsistent power supply to specific rooms, seeking assistance to trace and fix the problem.",Electrical Help
116,"Malfunctioning smoke detectors, require help in testing and replacing faulty detectors.",Electrical Help
117,"Outdoor lighting issues, need assistance in fixing or installing outdoor lighting.",Electrical Help
118,"Malfunctioning thermostat wiring, seeking assistance in diagnosing and fixing the wiring issues.",Electrical Help
119,"Buzzing sounds from electrical panels or outlets, require help to identify and eliminate the noise.",Electrical Help
120,"Inadequate power outlets in specific areas, seeking assistance in adding more outlets.",Electrical Help
121,"Electrical wiring in need of insulation or repair, require professional assistance for safety.",Electrical Help
122,"Malfunctioning electrical switches or dimmers, need help in diagnosing and fixing the issues.",Electrical Help
123,"Power surges damaging electronics, seeking assistance to install surge protectors.",Electrical Help
124,"Issues with electrical grounding, need professional help in ensuring proper grounding.",Electrical Help
125,"Outdoor electrical outlets not functioning, require assistance in diagnosing and fixing the outdoor outlets.",Electrical Help
126,Need help in customizing and installing built-in shelves for storage.,Carpentering Services
127,Difficulty assembling and installing a new wooden bed frame.,Carpentering Services
128,Custom carpentry for creating a unique and functional home office desk.,Carpentering Services
129,"Cabinet doors not closing properly, seeking assistance to fix the alignment.",Carpentering Services
130,Repairing or replacing damaged wooden flooring in specific areas of the house.,Carpentering Services
131,Custom carpentry for building a wooden entertainment center or TV stand.,Carpentering Services
132,"Door frame repairs, experiencing issues with door frame stability.",Carpentering Services
133,Installing or repairing wooden trim and molding for a finished look.,Carpentering Services
134,Design and construction of a custom-built wardrobe for optimal storage.,Carpentering Services
135,Repairing or replacing wooden stairs that show signs of wear or damage.,Carpentering Services
136,Constructing and installing a new wooden deck for outdoor leisure.,Carpentering Services
137,Custom carpentry for building a wooden dining table or chairs.,Carpentering Services
138,Repairing or refinishing wooden cabinets in the kitchen or bathroom.,Carpentering Services
139,Constructing and installing wooden bookshelves for a home library.,Carpentering Services
140,Custom carpentry for building a wooden playhouse or treehouse for children.,Carpentering Services
141,Repairing or replacing wooden window frames affected by weather or pests.,Carpentering Services
142,Building and installing a wooden fence for privacy and security.,Carpentering Services
143,Constructing a wooden pergola or gazebo for outdoor aesthetics.,Carpentering Services
144,Repairing or replacing wooden furniture joints that have come loose.,Carpentering Services
145,Design and construction of a custom-built wooden headboard for a bed.,Carpentering Services
146,Repairing or replacing damaged wooden siding on the exterior of the house.,Carpentering Services
147,Custom carpentry for creating a unique and functional kitchen island.,Carpentering Services
148,Installation of wooden shutters for both functional and decorative purposes.,Carpentering Services
149,Repairing or refinishing wooden doors affected by weather or age.,Carpentering Services
150,Custom carpentry for creating a wooden storage bench or ottoman.,Carpentering Services
151,Need professional house cleaning services to deep clean and sanitize my home.,House Cleaning
152,Facing challenges in removing stubborn stains and grime from bathroom surfaces.,House Cleaning
153,Require assistance in cleaning and organizing a cluttered and messy living space.,House Cleaning
154,Experiencing issues with dust accumulation in hard-to-reach corners and surfaces.,House Cleaning
155,In need of thorough carpet cleaning to remove stains and refresh the overall appearance.,House Cleaning
156,Post-construction cleaning required to remove debris and dust after home renovations.,House Cleaning
157,"Seeking help in cleaning and sanitizing the kitchen, including appliances and surfaces.",House Cleaning
158,Need assistance in cleaning windows and glass surfaces for a streak-free shine.,House Cleaning
159,Facing challenges in removing pet hair and dander from furniture and carpets.,House Cleaning
160,Require regular cleaning and maintenance for a consistently tidy and organized home.,House Cleaning
161,Facing difficulties in removing mold and mildew from bathroom tiles and grout.,House Cleaning
162,In need of a one-time deep cleaning service to prepare for a special event or occasion.,House Cleaning
163,Seeking assistance in cleaning and disinfecting high-touch surfaces throughout the house.,House Cleaning
164,"Experiencing issues with unpleasant odors in the home, need help in identifying and eliminating them.",House Cleaning
165,Require professional cleaning for upholstered furniture to remove stains and odors.,House Cleaning
166,Facing challenges in cleaning and maintaining hardwood floors for a polished look.,House Cleaning
167,Need assistance in cleaning and organizing a cluttered and disorganized garage.,House Cleaning
168,In need of post-move cleaning services to ensure the new home is thoroughly cleaned.,House Cleaning
169,Seeking help in cleaning and disinfecting frequently used electronics and devices.,House Cleaning
170,"Require assistance in cleaning and maintaining outdoor spaces, such as patios and decks.",House Cleaning
171,Experiencing difficulties in cleaning and organizing children's play areas and toys.,House Cleaning
172,Need professional help in cleaning and disinfecting frequently used bathroom surfaces.,House Cleaning
173,Facing challenges in cleaning and maintaining stainless steel appliances in the kitchen.,House Cleaning
174,Require assistance in cleaning and organizing closets for efficient storage.,House Cleaning
175,Seeking professional cleaning services for a rental property turnover between tenants.,House Cleaning
176,Need professional car servicing for routine maintenance to ensure optimal performance.,Car Servicing
177,"Experiencing car engine performance issues, require assistance in diagnosis and repair.",Car Servicing
178,In need of a car oil change service to maintain engine lubrication and overall health.,Car Servicing
179,"Facing challenges with car brake system issues, seeking professional help for inspection and repair.",Car Servicing
180,Require car assistance in tire rotation and balancing to ensure even tire wear.,Car Servicing
181,"Need help in diagnosing and fixing car electrical issues, such as malfunctioning lights or accessories.",Car Servicing
182,"Experiencing difficulties with the car transmission, require professional assistance for inspection and repair.",Car Servicing
183,In need of a comprehensive car detailing service to clean and restore the car's interior and exterior.,Car Servicing
184,"Facing challenges with a dead or malfunctioning car battery, require assistance in replacement.",Car Servicing
185,Require professional car alignment services to ensure proper wheel alignment for improved handling.,Car Servicing
186,"Experiencing issues with the car cooling system, need assistance in diagnosing and fixing the problem.",Car Servicing
187,In need of car brake pad replacement to maintain braking efficiency and safety.,Car Servicing
188,Seeking car assistance in diagnosing and fixing suspension and steering issues for a smooth ride.,Car Servicing
189,"Facing difficulties with car air conditioning system performance, require professional inspection and repair.",Car Servicing
190,Require assistance in diagnosing and fixing car issues with the exhaust system.,Car Servicing
191,"Experiencing challenges with car fuel system problems, need professional assistance for inspection and repair.",Car Servicing
192,In need of a car tire replacement service due to worn-out or damaged tires.,Car Servicing
193,"Facing issues with the car ignition system, require professional help for diagnosis and repair.",Car Servicing
194,Require assistance in diagnosing and fixing car issues with the engine's timing belt.,Car Servicing
195,"Experiencing difficulties with the car's electrical wiring, seeking professional car assistance.",Car Servicing
196,In need of a car windshield replacement or repair service for damaged glass.,Car Servicing
197,"Facing challenges with the car's suspension, require car assistance in inspection and repair.",Car Servicing
198,Require professional car services for engine tuning and performance optimization.,Car Servicing
199,"Experiencing issues with the car's transmission fluid, seeking car assistance for replacement and maintenance.",Car Servicing
200,In need of a professional car inspection and tune-up service for overall car health.,Car Servicing
201,Require reliable delivery services for transporting packages or parcels locally.,Delivery Services
202,"Experiencing challenges with on-time delivery, seeking assistance in improving delivery schedules.",Delivery Services
203,In need of express delivery services for urgent and time-sensitive shipments.,Delivery Services
204,"Facing difficulties in tracking and monitoring the status of delivered packages, require assistance.",Delivery Services
205,Require assistance in handling and transporting fragile or sensitive items with extra care.,Delivery Services
206,Experiencing issues with damaged or lost packages during the delivery process.,Delivery Services
207,In need of bulk or wholesale delivery services for business-related shipments.,Delivery Services
208,"Facing challenges with last-mile delivery logistics, seeking assistance for efficient routes.",Delivery Services
209,Require professional assistance in implementing eco-friendly or sustainable delivery practices.,Delivery Services
210,"Experiencing difficulties in coordinating international shipments, need assistance in logistics.",Delivery Services
211,"In need of specialized delivery services, such as refrigerated transport for perishable goods.",Delivery Services
212,"Facing challenges with reverse logistics, require assistance in handling returns and exchanges.",Delivery Services
213,Require assistance in implementing technology solutions for improved delivery tracking and communication.,Delivery Services
214,"Experiencing issues with delayed or missed deliveries, seeking assistance in resolving these issues.",Delivery Services
215,In need of white-glove delivery services for high-value or delicate items.,Delivery Services
216,"Facing challenges with managing peak delivery periods, require assistance in optimizing operations.",Delivery Services
217,Require assistance in implementing contactless delivery options for safety and convenience.,Delivery Services
218,"Experiencing difficulties in coordinating multi-stop deliveries, seeking assistance for efficient planning.",Delivery Services
219,"In need of real-time visibility into delivery routes and ETAs, require assistance in implementing tracking systems.",Delivery Services
220,Facing challenges with coordinating deliveries to remote or hard-to-reach locations.,Delivery Services
221,Require assistance in managing and optimizing the delivery fleet for cost-effectiveness.,Delivery Services
222,"Experiencing issues with delivery personnel, require assistance in training and performance management.",Delivery Services
223,In need of specialized courier services for legal documents or sensitive information.,Delivery Services
224,"Facing challenges with implementing secure delivery options, seeking assistance in enhancing security measures.",Delivery Services
225,Require professional gardening services for maintaining and enhancing the overall garden aesthetics.,Gardening and Planting Services
226,"Experiencing challenges with lawn care, need assistance in mowing, trimming, and fertilizing.",Gardening and Planting Services
227,"In need of seasonal planting services for flowers, shrubs, and other garden plants.",Gardening and Planting Services
228,"Facing difficulties with pest or weed control in the garden, require professional assistance.",Gardening and Planting Services
229,Require assistance in designing and implementing a new garden layout or landscape.,Gardening and Planting Services
230,"Experiencing issues with soil quality, seeking professional help for soil testing and improvement.",Gardening and Planting Services
231,In need of tree pruning and trimming services for maintaining tree health and appearance.,Gardening and Planting Services
232,"Facing challenges with plant diseases, require assistance in diagnosis and treatment.",Gardening and Planting Services
233,Require professional gardening advice and guidance on plant selection and care.,Gardening and Planting Services
234,"Experiencing difficulties with irrigation system maintenance, need assistance for repairs.",Gardening and Planting Services
235,"In need of garden clean-up services for removing debris, leaves, and overgrown plants.",Gardening and Planting Services
236,"Facing challenges with creating a sustainable and eco-friendly garden, seeking assistance.",Gardening and Planting Services
237,Require assistance in implementing water-saving measures and efficient irrigation systems.,Gardening and Planting Services
238,"Experiencing issues with the overall health of garden plants, need professional diagnosis and care.",Gardening and Planting Services
239,In need of planting services for vegetable or herb gardens for homegrown produce.,Gardening and Planting Services
240,Facing challenges with designing and installing hardscaping elements in the garden.,Gardening and Planting Services
241,Require assistance in implementing organic gardening practices for a chemical-free garden.,Gardening and Planting Services
242,"Experiencing difficulties with overgrown or invasive plants, seeking assistance in removal.",Gardening and Planting Services
243,In need of seasonal garden maintenance services for spring and fall preparations.,Gardening and Planting Services
244,"Facing challenges with creating a low-maintenance garden, require assistance in design.",Gardening and Planting Services
245,Require assistance in implementing sustainable landscaping practices for environmental conservation.,Gardening and Planting Services
246,"Experiencing issues with garden drainage, seeking professional assistance for improvements.",Gardening and Planting Services
247,In need of professional landscaping services for residential or commercial properties.,Gardening and Planting Services
248,"Facing challenges with outdoor pest control, require assistance in implementing effective solutions.",Gardening and Planting Services
249,Require professional masonry services for repairing or constructing brick and stone structures.,Masonry Services
250,"Experiencing challenges with deteriorating mortar joints, need assistance in repointing.",Masonry Services
251,In need of brick or stone wall construction services for residential or commercial projects.,Masonry Services
252,"Facing difficulties with crumbling or damaged concrete structures, require professional repairs.",Masonry Services
253,Require assistance in designing and constructing a new fireplace or chimney.,Masonry Services
254,"Experiencing issues with cracked or damaged bricks, seeking professional masonry repairs.",Masonry Services
255,In need of stone or brick veneer installation services for enhancing exterior aesthetics.,Masonry Services
256,"Facing challenges with foundation repairs, require assistance in stabilizing and reinforcing.",Masonry Services
257,Require professional assistance in designing and building custom masonry features.,Masonry Services
258,"Experiencing difficulties with retaining wall stability, need assistance in repairs or reconstruction.",Masonry Services
259,In need of decorative concrete or stamped concrete services for unique designs.,Masonry Services
260,"Facing challenges with water damage to masonry, require assistance in waterproofing.",Masonry Services
261,"Require assistance in installing or repairing concrete driveways, walkways, or patios.",Masonry Services
262,"Experiencing issues with efflorescence or discoloration on masonry surfaces, seeking solutions.",Masonry Services
263,In need of professional assistance in constructing or repairing masonry steps and stairs.,Masonry Services
264,"Facing difficulties with brick or stone column stability, require assistance in reinforcement.",Masonry Services
265,Require professional masonry services for historical preservation or restoration projects.,Masonry Services
266,"Experiencing challenges with matching existing brickwork or stonework, seeking skilled masons.",Masonry Services
267,In need of brick or stone cleaning and restoration services for a refreshed appearance.,Masonry Services
268,"Facing issues with masonry landscaping features, require assistance in repairs or installation.",Masonry Services
269,Require assistance in constructing or repairing masonry fences and boundary walls.,Masonry Services
270,"Experiencing difficulties with outdoor kitchen or grill construction, seeking professional help.",Masonry Services
271,In need of professional masonry services for building or repairing garden walls.,Masonry Services
272,"Facing challenges with brick or stone patio construction, require assistance for a durable finish.",Masonry Services
273,Require professional child daycare services for comprehensive care and early childhood education.,child daycare
274,Experiencing challenges in finding a reliable and nurturing daycare for my child.,child daycare
275,In need of infant care services for a safe and stimulating environment for my baby.,child daycare
276,"Facing difficulties with establishing a routine for my toddler, require assistance in daycare.",child daycare
277,Require assistance in finding a daycare with a focus on age-appropriate educational activities.,child daycare
278,"Experiencing issues with separation anxiety in my child, seeking a daycare with a supportive environment.",child daycare
279,In need of before and after-school care services for my school-age child.,child daycare
280,"Facing challenges with potty training, require assistance and support from daycare providers.",child daycare
281,Require professional daycare services with a focus on healthy meals and snacks.,child daycare
282,Experiencing difficulties with finding a daycare that aligns with my parenting philosophies.,child daycare
283,In need of daycare services that prioritize outdoor play and physical activities.,child daycare
284,"Facing challenges with nap time routines, require assistance in maintaining a consistent schedule.",child daycare
285,Require assistance in finding a daycare with a diverse and inclusive environment.,child daycare
286,"Experiencing issues with communication between daycare providers and parents, seeking improved transparency.",child daycare
287,In need of daycare services with a structured curriculum to support early learning.,child daycare
288,"Facing difficulties with daycare drop-off and pick-up logistics, require assistance in streamlining the process.",child daycare
289,Require professional daycare services that prioritize child safety and well-being.,child daycare
290,Experiencing challenges with finding a daycare that accommodates special dietary needs.,child daycare
291,In need of daycare services with flexible hours to accommodate my work schedule.,child daycare
292,"Facing challenges with my child's socialization skills, require assistance in a daycare setting.",child daycare
293,Require assistance in finding a daycare that provides regular updates on my child's development.,child daycare
294,Experiencing difficulties with finding a daycare with experienced and caring staff.,child daycare
295,In need of daycare services that offer a balance of educational and play activities.,child daycare
296,"Facing challenges with transitioning my child to a new daycare, require support and guidance.",child daycare
297,Require professional tech setup services for seamless installation and configuration of electronic devices.,Tech Setup Services
298,"Experiencing challenges in setting up a new computer system, need assistance with hardware and software configuration.",Tech Setup Services
299,In need of professional assistance in setting up a home network for optimal connectivity.,Tech Setup Services
300,"Facing difficulties with smart home device setup, require assistance in connecting and configuring devices.",Tech Setup Services
301,Require assistance in setting up and securing a new Wi-Fi router for improved internet access.,Tech Setup Services
302,"Experiencing issues with software installation on a new device, seeking professional setup services.",Tech Setup Services
303,In need of home theater setup services for optimal audio and visual entertainment.,Tech Setup Services
304,Facing challenges in setting up and configuring a new printer or scanner device.,Tech Setup Services
305,Require professional assistance in setting up and securing a new smart TV.,Tech Setup Services
306,Experiencing difficulties in setting up and syncing devices within a smart home ecosystem.,Tech Setup Services
307,In need of professional tech setup for gaming consoles and accessories.,Tech Setup Services
308,"Facing challenges with email and software account setup, require assistance in configuration.",Tech Setup Services
309,Require assistance in setting up and securing a home surveillance system.,Tech Setup Services
310,"Experiencing issues with audio system setup, seeking professional assistance for optimal sound quality.",Tech Setup Services
311,In need of assistance in setting up and configuring a new smartphone or tablet.,Tech Setup Services
312,"Facing challenges with smart thermostat or home automation system setup, require assistance.",Tech Setup Services
313,Require professional tech setup for virtual meetings and video conferencing tools.,Tech Setup Services
314,Experiencing difficulties in setting up and configuring a new home office workstation.,Tech Setup Services
315,In need of assistance in setting up and optimizing a new streaming device.,Tech Setup Services
316,"Facing challenges with data backup and storage setup, require professional assistance.",Tech Setup Services
317,Require assistance in setting up and configuring smart lighting systems for home automation.,Tech Setup Services
318,"Experiencing issues with setting up a new gaming PC, need assistance in hardware and software configuration.",Tech Setup Services
319,In need of professional tech setup for a new home audio system or speakers.,Tech Setup Services
320,Facing challenges with setting up and configuring a new smart home security system.,Tech Setup Services
321,"Require grocery delivery services for a comprehensive list of items including fresh produce, pantry staples, and household essentials.",Grocery Delivery Services
322,Experiencing challenges in finding a reliable grocery delivery service that can accommodate a diverse shopping list.,Grocery Delivery Services
323,"In need of grocery delivery for a weekly supply of fresh fruits, vegetables, and dairy products.",Grocery Delivery Services
324,"Facing difficulties in sourcing specific dietary items or specialty products, seeking assistance from a grocery delivery service.",Grocery Delivery Services
325,Require assistance in scheduling a regular grocery delivery for a variety of everyday necessities.,Grocery Delivery Services
326,"Experiencing issues with time constraints for grocery shopping, seeking a convenient and efficient delivery service.",Grocery Delivery Services
327,In need of grocery delivery services that provide options for organic and locally sourced products.,Grocery Delivery Services
328,Facing challenges in finding a grocery delivery service with a user-friendly online platform for order customization.,Grocery Delivery Services
329,Require professional grocery delivery for a family with specific dietary restrictions and preferences.,Grocery Delivery Services
330,Experiencing difficulties in finding a grocery delivery service that offers a wide selection of international or exotic foods.,Grocery Delivery Services
331,In need of assistance with bulk grocery ordering and delivery for special occasions or events.,Grocery Delivery Services
332,"Facing challenges with grocery delivery during peak hours, require a service with flexible scheduling options.",Grocery Delivery Services
333,Require grocery delivery services with a reliable and accurate tracking system for order updates.,Grocery Delivery Services
334,"Experiencing issues with order accuracy and substitutions, seeking a grocery delivery service with clear communication.",Grocery Delivery Services
335,"In need of grocery delivery for a variety of cleaning supplies, toiletries, and personal care items.",Grocery Delivery Services
336,Facing challenges in finding a grocery delivery service that supports efficient meal planning and recipe fulfillment.,Grocery Delivery Services
337,Require professional assistance in grocery delivery for elderly or homebound individuals with specific dietary needs.,Grocery Delivery Services
338,Experiencing difficulties in finding a grocery delivery service that caters to specific health-conscious product preferences.,Grocery Delivery Services
339,In need of grocery delivery services that prioritize contactless delivery for safety and convenience.,Grocery Delivery Services
340,"Facing challenges with timely grocery delivery during busy weekdays, require a service with weekend options.",Grocery Delivery Services
341,"Require grocery delivery for a diverse range of pet supplies, including food and grooming items.",Grocery Delivery Services
342,Experiencing issues with finding a grocery delivery service that caters to specific baby or infant products.,Grocery Delivery Services
343,"In need of assistance in grocery delivery for bulk items, including pantry staples and non-perishables.",Grocery Delivery Services
344,Facing challenges in finding a grocery delivery service that offers seasonal or specialty products.,Grocery Delivery Services
345,Require professional grocery delivery services that allow for easy modification of orders and preferences.,Grocery Delivery Services
346,"Maid",Housekeeper
347,"Cleaning lady",Housekeeper
348,"Lady to clean house",Housekeeper
349,"Household cleaner",Housekeeper
350"Housemaid",Housekeeper
351,"Home cleaner,Housekeeper"
352,"Domestic helper",Housekeeper
353,"Residential cleaner",Housekeeper
354,"House cleaner",Housekeeper
355,"Home caretaker",Housekeeper
356,"Store clerk",Retail Sales Worker
357,"Shop assistant",Retail Sales Worker
358,"Salesperson",Retail Sales Worker
359,"Retail worker",Retail Sales Worker
360,"Store employee",Retail Sales Worker
361,"Sales associate",Retail Sales Worker
362,"Cashier",Retail Sales Worker
363,"Shopkeeper",Retail Sales Worker
364,"Retail attendant",Retail Sales Worker
365,"Store staff",Retail Sales Worker
366,"Fast food worker",Food Service Worker
367,"Restaurant server",Food Service Worker
368,"Waiter/waitress",Food Service Worker
369,"Cafe employee",Food Service Worker
370,"Kitchen staff",Food Service Worker
371,"Food server",Food Service Worker
372,"Cafeteria worker",Food Service Worker
373,"Line cook",Food Service Worker
374,"Bartender",Food Service Worker
375,"Barista",Food Service Worker
376,"Cleaner",Janitor
377,"Custodian",Janitor
378,"Janitorial staff",Janitor
379,"Building cleaner",Janitor
380,"Maintenance worker",Janitor
381,"Sanitation worker",Janitor
382,"Facility cleaner",Janitor
383,"Office cleaner",Janitor
384,"Housekeeping staff",Janitor
385,"Sweeper",Janitor
386,"Farm laborer",Farmworker
387,"Agricultural worker",Farmworker
388,"Crop picker",Farmworker
389,"Field hand",Farmworker
390,"Farmhand",Farmworker
391,"Harvest worker",Farmworker
392,"Farm labor worker",Farmworker
393,"Orchard worker",Farmworker
394,"Livestock handler",Farmworker
395,"Ranch hand",Farmworker
396,"Security officer",Security Guard
397,"Guard",Security Guard
398,"Security personnel",Security Guard
399,"Security agent",Security Guard
400,"Security staff",Security Guard
401,"Watchman",Security Guard
402,"Security patrol",Security Guard
403,"Safety officer",Security Guard
404,"Security sentinel",Security Guard
405,"Protective services",Security Guard
406,"Garden caretaker",Gardener
407,"Landscape worker",Gardener
408,"Yard worker",Gardener
409,"Gardening assistant",Gardener
410,"Horticulturist",Gardener
411,"Landscaper",Gardener
412,"Groundskeeper",Gardener
413,"Plant caretaker",Gardener
414,"Greenkeeper",Gardener
415,"Outdoor maintenance worker",Gardener
416,"Laundry attendant",Laundry Worker
417,"Washer",Laundry Worker
418,"Laundry helper",Laundry Worker
419,"Dry cleaner",Laundry Worker
420,"Presser",Laundry Worker
421,"Laundry operator",Laundry Worker
422,"Ironer",Laundry Worker
423,"Laundry technician",Laundry Worker
424,"Laundry service worker",Laundry Worker
425,"Garment cleaner",Laundry Worker
426,"Construction worker",Construction Laborer
427,"Laborer",Construction Laborer
428,"Construction site worker",Construction Laborer
429,"Building laborer",Construction Laborer
430,"Handyman",Construction Laborer
431,"Demolition worker",Construction Laborer
432,"Construction crew member",Construction Laborer
433,"Site laborer",Construction Laborer
434,"Construction helper",Construction Laborer
435,"Skilled trades assistant",Construction Laborer
436,"Chef",Cook
437,"Kitchen cook",Cook
438,"Line cook",Cook
439,"Culinary artist",Cook
440,"Short-order cook",Cook
441,"Grill cook",Cook
442,"Prep cook",Cook
443,"Sous chef",Cook
444,"Baker",Cook
445,"Pastry chef",Cook
446,"Driver",Car Driver
447,"Chauffeur",Car Driver
448,"Car operator",Car Driver
449,"Vehicle driver",Car Driver
450,"Automobile driver",Car Driver
451,"Personal driver",Car Driver
452,"Taxi driver",Car Driver
453,"Ride-hailing driver",Car Driver
454,"Car chauffeur",Car Driver
455,"Private driver",Car Driver
456,"Delivery person",Delivery Driver
457,"Courier",Delivery Driver
458,"Package deliverer",Delivery Driver
459,"Delivery driver",Delivery Driver
460,"Delivery worker",Delivery Driver
461,"Parcel carrier",Delivery Driver
462,"Food delivery driver",Delivery Driver
463,"Courier driver",Delivery Driver
464,"Route driver",Delivery Driver
465,"Transporter",Delivery Driver
466,"Call agent",Call Center Operator
467,"Customer service representative",Call Center Operator
468,"Call center representative",Call Center Operator
469,"Phone operator",Call Center Operator
470,"Helpdesk operator",Call Center Operator
471,"Service representative",Call Center Operator
472,"Call center agent",Call Center Operator
473,"Telecaller",Call Center Operator
474,"Telephone operator",Call Center Operator
475,"Support specialist",Call Center Operator
476,"Caregiver",Elderly Caregiver
477,"Elderly caregiver",Elderly Caregiver
478,"Senior care provider",Elderly Caregiver
479,"Home aide",Elderly Caregiver
480,"Personal care assistant",Elderly Caregiver
481,"Companion caregiver",Elderly Caregiver
482,"Home helper",Elderly Caregiver
483,"Elder care assistant",Elderly Caregiver
484,"Respite caregiver",Elderly Caregiver
485,"Senior companion",Elderly Caregiver
486,"Office clerk",Clerk
487,"Administrative clerk",Clerk
488,"Desk clerk",Clerk
489,"Receptionist",Clerk
490,"Data entry clerk",Clerk
491,"Clerk typist",Clerk
492,"File clerk",Clerk
493,"Front desk clerk",Clerk
494,"Office assistant",Clerk
495,"Clerk",Clerk
496,"Groomer",Pet Groomer
497,"Pet stylist",Pet Groomer
498,"Dog groomer",Pet Groomer
499,"Animal groomer",Pet Groomer
500,"Pet hairdresser",Pet Groomer
501,"Pet beautician",Pet Groomer
502,"Pet salon worker",Pet Groomer
503,"Pet care specialist",Pet Groomer
504,"Animal stylist",Pet Groomer
505,"Grooming professional",Pet Groomer
506,"Babysitter",Child Caregiver
507,"Nanny",Child Caregiver
508,"Childminder",Child Caregiver
509,"Au pair",Child Caregiver
510,"Child caregiver",Child Caregiver
511,"Daycare provider",Child Caregiver
512,"Childcare worker",Child Caregiver
513,"Preschool teacher",Child Caregiver
514,"Nursery worker",Child Caregiver
515,"Childcare assistant",Child Caregiver
516,"Production worker",Factory Worker
517,"Assembly line worker",Factory Worker
518,"Factory laborer",Factory Worker
519,"Manufacturing worker",Factory Worker
520,"Plant worker",Factory Worker
521,"Production operator",Factory Worker
522,"Machine operator",Factory Worker
523,"Factory hand",Factory Worker
524,"Production assistant",Factory Worker
525,"Line worker",Factory Worker
526,"Vendor",Street Vendor
527,"Street seller",Street Vendor
528,"Hawker",Street Vendor
529,"Street trader",Street Vendor
530,"Food vendor",Street Vendor
531,"Mobile vendor",Street Vendor
532,"Street food seller",Street Vendor
533,"Peddler",Street Vendor
534,"Cart vendor",Street Vendor
535,"Market stallholder",Street Vendor